date,feed_per_tank_kg,E01_count,E02_count,E03_count,E04_count,E05_count,E06_count,E07_count,E08_count,E13_count,E14_count,E15_count,E16_count,E01_per_cap_feed,E02_per_cap_feed,E03_per_cap_feed,E04_per_cap_feed,E05_per_cap_feed,E06_per_cap_feed,E07_per_cap_feed,E08_per_cap_feed,E13_per_cap_feed,E14_per_cap_feed,E15_per_cap_feed,E16_per_cap_feed
10/11/2025,2,10880.00,11838.00,10882.00,10057.00,10217.00,9939.00,11249.00,11360.00,14703.00,11077.00,12928.00,13149.00,183.82,168.95,183.79,198.87,195.75,201.23,177.79,176.06,136.03,180.55,154.70,152.10
11/11/2025,2,10873.30,11834.30,10876.30,10052.30,10212.70,9934.30,11242.70,11353.00,14693.70,11071.30,12919.70,13145.30,183.94,169.00,183.89,198.96,195.83,201.32,177.89,176.16,136.11,180.65,154.80,152.15
12/11/2025,2,10866.70,11830.70,10870.70,10047.70,10208.30,9929.70,11236.30,11346.00,14684.30,11065.70,12911.30,13141.70,184.05,169.05,183.98,199.05,195.92,201.42,177.99,176.27,136.20,180.74,154.90,152.19
13/11/2025,2,10860.00,11827.00,10865.00,10043.00,10204.00,9925.00,11230.00,11339.00,14675.00,11060.00,12903.00,13138.00,184.16,169.10,184.08,199.14,196.00,201.51,178.09,176.38,136.29,180.83,155.00,152.23
14/11/2025,2,10853.20,11821.80,10860.50,10038.30,10201.80,9922.80,11226.50,11337.80,14671.50,11057.00,12897.50,13133.80,184.28,169.18,184.15,199.24,196.04,201.56,178.15,176.40,136.32,180.88,155.07,152.28
15/11/2025,2,10846.50,11816.50,10856.00,10033.50,10199.50,9920.50,11223.00,11336.50,14668.00,11054.00,12892.00,13129.50,184.39,169.25,184.23,199.33,196.09,201.60,178.21,176.42,136.35,180.93,155.13,152.33
16/11/2025,,10839.80,11811.30,10851.50,10028.80,10197.30,9918.30,11219.50,11335.30,14664.50,11051.00,12886.50,13125.30,0.00,0.00,0.00,0.00,0.00,0.00,0.00,0.00,0.00,0.00,0.00,0.00
17/11/2025,2,10833.00,11806.00,10847.00,10024.00,10195.00,9916.00,11216.00,11334.00,14661.00,11048.00,12881.00,13121.00,184.62,169.41,184.38,199.52,196.17,201.69,178.32,176.46,136.42,181.03,155.27,152.43
18/11/2025,2,10829.00,11801.30,10843.70,10022.00,10188.30,9913.30,11211.00,11329.00,14654.00,11043.30,12876.30,13118.00,184.69,169.47,184.44,199.56,196.30,201.75,178.40,176.54,136.48,181.11,155.32,152.46
19/11/2025,2,10825.00,11796.70,10840.30,10020.00,10181.70,9910.70,11206.00,11324.00,14647.00,11038.70,12871.70,13115.00,184.76,169.54,184.50,199.60,196.43,201.80,178.48,176.62,136.55,181.18,155.38,152.50
20/11/2025,2,10821.00,11792.00,10837.00,10018.00,10175.00,9908.00,11201.00,11319.00,14640.00,11034.00,12867.00,13112.00,184.83,169.61,184.55,199.64,196.56,201.86,178.56,176.69,136.61,181.26,155.44,152.53
21/11/2025,2,10818.20,11789.30,10834.00,10015.00,10171.30,9904.50,11198.20,11316.30,14633.50,11030.70,12862.70,13109.30,184.87,169.65,184.60,199.70,196.63,201.93,178.60,176.74,136.67,181.31,155.49,152.56
22/11/2025,2,10815.50,11786.50,10831.00,10012.00,10167.50,9901.00,11195.50,11313.50,14627.00,11027.50,12858.50,13106.50,184.92,169.69,184.66,199.76,196.71,202.00,178.64,176.78,136.73,181.36,155.54,152.60
23/11/2025,,10812.80,11783.80,10828.00,10009.00,10163.80,9897.50,11192.70,11310.80,14620.50,11024.20,12854.20,13103.80,0.00,0.00,0.00,0.00,0.00,0.00,0.00,0.00,0.00,0.00,0.00,0.00
24/11/2025,2,10810.00,11781.00,10825.00,10006.00,10160.00,9894.00,11190.00,11308.00,14614.00,11021.00,12850.00,13101.00,185.01,169.76,184.76,199.88,196.85,202.14,178.73,176.87,136.86,181.47,155.64,152.66
25/11/2025,2,10807.80,11779.00,10822.30,10003.30,10156.50,9892.80,11188.50,11304.30,14609.80,11018.20,12847.00,13099.30,185.05,169.79,184.80,199.93,196.92,202.17,178.75,176.92,136.89,181.52,155.68,152.68
26/11/2025,2,10805.50,11777.00,10819.50,10000.50,10153.00,9891.50,11187.00,11300.50,14605.50,11015.50,12844.00,13097.50,185.09,169.82,184.85,199.99,196.99,202.19,178.78,176.98,136.93,181.56,155.71,152.70
27/11/2025,2,10803.20,11775.00,10816.80,9997.80,10149.50,9890.30,11185.50,11296.80,14601.30,11012.70,12841.00,13095.80,185.13,169.85,184.90,200.04,197.05,202.22,178.80,177.04,136.97,181.61,155.75,152.72
28/11/2025,2,10801.00,11773.00,10814.00,9995.00,10146.00,9889.00,11184.00,11293.00,14597.00,11010.00,12838.00,13094.00,185.17,169.88,184.95,200.10,197.12,202.24,178.83,177.10,137.01,181.65,155.79,152.74
29/11/2025,2,10794.00,11769.70,10811.00,9991.70,10140.00,9887.00,11180.70,11290.30,14592.70,11006.70,12835.00,13090.30,185.29,169.93,185.00,200.17,197.24,202.29,178.88,177.14,137.05,181.71,155.82,152.78
30/11/2025,,10787.00,11766.30,10808.00,9988.30,10134.00,9885.00,11177.30,11287.70,14588.30,11003.30,12832.00,13086.70,0.00,0.00,0.00,0.00,0.00,0.00,0.00,0.00,0.00,0.00,0.00,0.00
1/12/2025,2,10780.00,11763.00,10805.00,9985.00,10128.00,9883.00,11174.00,11285.00,14584.00,11000.00,12829.00,13083.00,185.53,170.02,185.10,200.30,197.47,202.37,178.99,177.23,137.14,181.82,155.90,152.87
2/12/2025,2,10776.70,11761.00,10804.30,9983.30,10126.00,9879.70,11170.00,11282.30,14580.30,10996.70,12823.70,13078.70,185.59,170.05,185.11,200.33,197.51,202.44,179.05,177.27,137.17,181.87,155.96,152.92
3/12/2025,2,10773.30,11759.00,10803.70,9981.70,10124.00,9876.30,11166.00,11279.70,14576.70,10993.30,12818.30,13074.30,185.64,170.08,185.12,200.37,197.55,202.50,179.12,177.31,137.21,181.93,156.03,152.97
4/12/2025,2,10770.00,11757.00,10803.00,9980.00,10122.00,9873.00,11162.00,11277.00,14573.00,10990.00,12813.00,13070.00,185.70,170.11,185.13,200.40,197.59,202.57,179.18,177.35,137.24,181.98,156.09,153.02
5/12/2025,2,10767.00,11755.00,10801.00,9978.50,10120.00,9870.80,11159.50,11274.00,14571.00,10986.70,12809.50,13068.80,185.75,170.14,185.17,200.43,197.63,202.62,179.22,177.40,137.26,182.04,156.13,153.04
6/12/2025,2,10764.00,11753.00,10799.00,9977.00,10118.00,9868.50,11157.00,11271.00,14569.00,10983.50,12806.00,13067.50,185.80,170.17,185.20,200.46,197.67,202.67,179.26,177.45,137.28,182.09,156.18,153.05
7/12/2025,,10761.00,11751.00,10797.00,9975.50,10116.00,9866.30,11154.50,11268.00,14567.00,10980.20,12802.50,13066.30,0.00,0.00,0.00,0.00,0.00,0.00,0.00,0.00,0.00,0.00,0.00,0.00
8/12/2025,2,10758.00,11749.00,10795.00,9974.00,10114.00,9864.00,11152.00,11265.00,14565.00,10977.00,12799.00,13065.00,185.91,170.23,185.27,200.52,197.75,202.76,179.34,177.54,137.32,182.20,156.26,153.08
9/12/2025,2,10750.00,11740.00,10789.00,9971.00,10110.30,9859.70,11145.30,11262.00,14561.30,10972.70,12794.70,13060.70,186.05,170.36,185.37,200.58,197.82,202.85,179.45,177.59,137.35,182.27,156.31,153.13
10/12/2025,2,10742.00,11731.00,10783.00,9968.00,10106.70,9855.30,11138.70,11259.00,14557.70,10968.30,12790.30,13056.30,186.19,170.49,185.48,200.64,197.89,202.94,179.55,177.64,137.38,182.34,156.37,153.18
11/12/2025,2,10734.00,11722.00,10777.00,9965.00,10103.00,9851.00,11132.00,11256.00,14554.00,10964.00,12786.00,13052.00,186.32,170.62,185.58,200.70,197.96,203.03,179.66,177.68,137.42,182.42,156.42,153.23
12/12/2025,2,10729.50,11718.30,10775.00,9963.00,10099.80,9848.30,11129.20,11253.80,14548.50,10961.50,12781.00,13048.80,186.40,170.67,185.61,200.74,198.02,203.08,179.71,177.72,137.47,182.46,156.48,153.27
13/12/2025,2,10725.00,11714.50,10773.00,9961.00,10096.50,9845.50,11126.50,11251.50,14543.00,10959.00,12776.00,13045.50,186.48,170.73,185.65,200.78,198.09,203.14,179.75,177.75,137.52,182.50,156.54,153.31
14/12/2025,,10720.50,11710.80,10771.00,9959.00,10093.30,9842.80,11123.70,11249.30,14537.50,10956.50,12771.00,13042.30,0.00,0.00,0.00,0.00,0.00,0.00,0.00,0.00,0.00,0.00,0.00,0.00
15/12/2025,2,10716.00,11707.00,10769.00,9957.00,10090.00,9840.00,11121.00,11247.00,14532.00,10954.00,12766.00,13039.00,186.64,170.84,185.72,200.86,198.22,203.25,179.84,177.83,137.63,182.58,156.67,153.39
16/12/2025,2,10709.00,11704.70,10766.00,9952.00,10086.00,9837.00,11116.30,11245.00,14524.00,10950.30,12764.00,13035.00,186.76,170.87,185.77,200.96,198.29,203.31,179.92,177.86,137.70,182.64,156.69,153.43
17/12/2025,2,10702.00,11702.30,10763.00,9947.00,10082.00,9834.00,11111.70,11243.00,14516.00,10946.70,12762.00,13031.00,186.88,170.91,185.82,201.07,198.37,203.38,179.99,177.89,137.78,182.70,156.72,153.48
18/12/2025,2,10695.00,11700.00,10760.00,9942.00,10078.00,9831.00,11107.00,11241.00,14508.00,10943.00,12760.00,13027.00,187.00,170.94,185.87,201.17,198.45,203.44,180.07,177.92,137.85,182.77,156.74,153.53
19/12/2025,2,10689.30,11699.30,10755.30,9939.30,10075.80,9830.00,11104.70,11240.30,14505.50,10941.20,12756.70,13024.80,187.10,170.95,185.95,201.22,198.50,203.46,180.10,177.93,137.88,182.80,156.78,153.55
20/12/2025,2,10683.50,11698.50,10750.50,9936.50,10073.50,9829.00,11102.50,11239.50,14503.00,10939.50,12753.50,13022.50,187.20,170.96,186.04,201.28,198.54,203.48,180.14,177.94,137.90,182.82,156.82,153.58
21/12/2025,,10677.80,11697.80,10745.80,9933.80,10071.30,9828.00,11100.20,11238.80,14500.50,10937.70,12750.20,13020.30,0.00,0.00,0.00,0.00,0.00,0.00,0.00,0.00,0.00,0.00,0.00,0.00
22/12/2025,2,10672.00,11697.00,10741.00,9931.00,10069.00,9827.00,11098.00,11238.00,14498.00,10936.00,12747.00,13018.00,187.41,170.98,186.20,201.39,198.63,203.52,180.21,177.97,137.95,182.88,156.90,153.63
23/12/2025,2,10667.50,11691.50,10739.50,9929.50,10065.00,9824.50,11095.00,11236.50,14487.50,10925.50,12743.50,13012.50,187.49,171.06,186.23,201.42,198.71,203.57,180.26,177.99,138.05,183.06,156.94,153.70
24/12/2025,2,10663.00,11686.00,10738.00,9928.00,10061.00,9822.00,11092.00,11235.00,14477.00,10915.00,12740.00,13007.00,187.56,171.14,186.25,201.45,198.79,203.62,180.31,178.02,138.15,183.23,156.99,153.76
25/12/2025,2,10660.30,11682.70,10735.70,9925.70,10057.30,9821.00,11089.00,11233.70,14475.70,10913.30,12737.00,13005.00,187.61,171.19,186.29,201.50,198.86,203.65,180.36,178.04,138.16,183.26,157.02,153.79
26/12/2025,2,10657.70,11679.30,10733.30,9923.30,10053.70,9820.00,11086.00,11232.30,14474.30,10911.70,12734.00,13003.00,187.66,171.24,186.34,201.55,198.93,203.67,180.41,178.06,138.18,183.29,157.06,153.81
27/12/2025,2,10655.00,11676.00,10731.00,9921.00,10050.00,9819.00,11083.00,11231.00,14473.00,10910.00,12731.00,13001.00,187.71,171.29,186.38,201.59,199.00,203.69,180.46,178.08,138.19,183.32,157.10,153.83
28/12/2025,,10649.00,11672.00,10729.50,9919.50,10049.00,9817.50,11079.00,11229.50,14471.00,10906.50,12726.50,12998.50,0.00,0.00,0.00,0.00,0.00,0.00,0.00,0.00,0.00,0.00,0.00,0.00
29/12/2025,2,10643.00,11668.00,10728.00,9918.00,10048.00,9816.00,11075.00,11228.00,14469.00,10903.00,12722.00,12996.00,187.92,171.41,186.43,201.65,199.04,203.75,180.59,178.13,138.23,183.44,157.21,153.89
30/12/2025,2,10641.00,11666.70,10726.90,9916.90,10045.90,9814.60,11072.10,11225.70,14465.00,10901.40,12716.40,12992.30,187.95,171.43,186.45,201.68,199.09,203.78,180.63,178.16,138.26,183.46,157.28,153.94
31/12/2025,2,10639.00,11665.40,10725.70,9915.70,10043.70,9813.10,11069.30,11223.40,14461.00,10899.90,12710.90,12988.60,187.99,171.45,186.47,201.70,199.13,203.81,180.68,178.20,138.30,183.49,157.35,153.98
1/01/2026,2,10637.00,11664.10,10724.60,9914.60,10041.60,9811.70,11066.40,11221.10,14457.00,10898.30,12705.30,12984.90,188.02,171.47,186.49,201.72,199.17,203.84,180.73,178.24,138.34,183.51,157.41,154.03
2/01/2026,2,10635.00,11662.90,10723.40,9913.40,10039.40,9810.30,11063.60,11218.90,14453.00,10896.70,12699.70,12981.10,188.06,171.48,186.51,201.75,199.22,203.87,180.77,178.27,138.38,183.54,157.48,154.07
3/01/2026,2,10633.00,11661.60,10722.30,9912.30,10037.30,9808.90,11060.70,11216.60,14449.00,10895.10,12694.10,12977.40,188.09,171.50,186.53,201.77,199.26,203.90,180.82,178.31,138.42,183.57,157.55,154.11
4/01/2026,,10631.00,11660.30,10721.10,9911.10,10035.10,9807.40,11057.90,11214.30,14445.00,10893.60,12688.60,12973.70,0.00,0.00,0.00,0.00,0.00,0.00,0.00,0.00,0.00,0.00,0.00,0.00
5/01/2026,2,10629.00,11659.00,10720.00,9910.00,10033.00,9806.00,11055.00,11212.00,14441.00,10892.00,12683.00,12970.00,188.16,171.54,186.57,201.82,199.34,203.96,180.91,178.38,138.49,183.62,157.69,154.20
6/01/2026,2,10625.70,11658.00,10716.30,9907.00,10030.30,9803.70,11051.00,11210.30,14438.00,10889.70,12678.70,12963.30,188.22,171.56,186.63,201.88,199.40,204.00,180.98,178.41,138.52,183.66,157.74,154.28
7/01/2026,2,10622.30,11657.00,10712.70,9904.00,10027.70,9801.30,11047.00,11208.70,14435.00,10887.30,12674.30,12956.70,188.28,171.57,186.69,201.94,199.45,204.05,181.04,178.43,138.55,183.70,157.80,154.36
8/01/2026,2,10619.00,11656.00,10709.00,9901.00,10025.00,9799.00,11043.00,11207.00,14432.00,10885.00,12670.00,12950.00,188.34,171.59,186.76,202.00,199.50,204.10,181.11,178.46,138.58,183.74,157.85,154.44
9/01/2026,2,10617.50,11654.80,10708.30,9899.00,10023.20,9793.80,11041.50,11205.80,14428.80,10883.20,12664.70,12943.30,188.37,171.60,186.77,202.04,199.54,204.21,181.13,178.48,138.61,183.77,157.92,154.52
10/01/2026,2,10616.00,11653.50,10707.50,9897.00,10021.50,9788.50,11040.00,11204.50,14425.50,10881.50,12659.50,12936.50,188.39,171.62,186.78,202.08,199.57,204.32,181.16,178.50,138.64,183.80,157.98,154.60
11/01/2026,,10614.50,11652.30,10706.80,9895.00,10019.80,9783.30,11038.50,11203.30,14422.30,10879.70,12654.20,12929.80,0.00,0.00,0.00,0.00,0.00,0.00,0.00,0.00,0.00,0.00,0.00,0.00
12/01/2026,2,10613.00,11651.00,10706.00,9893.00,10018.00,9778.00,11037.00,11202.00,14419.00,10878.00,12649.00,12923.00,188.45,171.66,186.81,202.16,199.64,204.54,181.21,178.54,138.71,183.86,158.12,154.76
13/01/2026,2,10607.50,11645.00,10702.00,9891.00,10015.50,9770.00,11035.50,11198.50,14411.00,10874.50,12642.50,12921.00,188.55,171.75,186.88,202.20,199.69,204.71,181.23,178.60,138.78,183.92,158.20,154.79
14/01/2026,2,10602.00,11639.00,10698.00,9889.00,10013.00,9762.00,11034.00,11195.00,14403.00,10871.00,12636.00,12919.00,188.64,171.84,186.95,202.24,199.74,204.88,181.26,178.65,138.86,183.98,158.28,154.81
15/01/2026,2,10601.00,11639.00,10695.50,9887.00,10011.50,9748.50,11032.00,11193.00,14399.00,10862.50,12629.50,12896.80,188.66,171.84,186.99,202.29,199.77,205.16,181.29,178.68,138.90,184.12,158.36,155.08
16/01/2026,2,10600.00,11639.00,10693.00,9885.00,10010.00,9735.00,11030.00,11191.00,14395.00,10854.00,12623.00,12874.60,188.68,171.84,187.04,202.33,199.80,205.44,181.32,178.72,138.94,184.26,158.44,155.34
17/01/2026,2,10599.30,11605.30,10688.30,9877.70,10008.70,9706.30,11028.70,11154.30,14393.30,10830.70,12619.70,12852.40,188.69,172.34,187.12,202.48,199.83,206.05,181.35,179.30,138.95,184.66,158.48,155.61
18/01/2026,,10598.70,11571.70,10683.70,9870.30,10007.30,9677.70,11027.30,11117.70,14391.70,10807.30,12616.30,12830.20,0.00,0.00,0.00,0.00,0.00,0.00,0.00,0.00,0.00,0.00,0.00,0.00
19/01/2026,2,10598.00,11538.00,10679.00,9863.00,10006.00,9649.00,11026.00,11081.00,14390.00,10784.00,12613.00,12808.00,188.71,173.34,187.28,202.78,199.88,207.28,181.39,180.49,138.99,185.46,158.57,156.15
20/01/2026,2,10595.50,11509.00,10670.00,9856.00,10004.00,9607.50,11015.50,11053.50,14384.00,10761.50,12607.50,12780.50,188.76,173.78,187.44,202.92,199.92,208.17,181.56,180.94,139.04,185.85,158.64,156.49
21/01/2026,2,10593.00,11480.00,10661.00,9849.00,10002.00,9566.00,11005.00,11026.00,14378.00,10739.00,12602.00,12753.00,188.80,174.22,187.60,203.07,199.96,209.07,181.74,181.39,139.10,186.24,158.70,156.83
22/01/2026,2,10590.50,11476.50,10658.00,9843.00,9998.00,9552.50,10997.00,11018.50,14374.50,10730.00,12597.00,12744.00,188.85,174.27,187.65,203.19,200.04,209.37,181.87,181.51,139.14,186.39,158.77,156.94
23/01/2026,2,10588.00,11473.00,10655.00,9837.00,9994.00,9539.00,10989.00,11011.00,14371.00,10721.00,12592.00,12735.00,188.89,174.32,187.71,203.31,200.12,209.67,182.00,181.64,139.17,186.55,158.83,157.05
24/01/2026,2,10584.20,11468.30,10654.00,9834.30,9992.80,9524.20,10981.20,11006.80,14366.50,10717.00,12589.00,12732.30,188.96,174.39,187.72,203.37,200.14,209.99,182.13,181.71,139.21,186.62,158.87,157.08
25/01/2026,,10580.50,11463.50,10653.00,9831.50,9991.50,9509.50,10973.50,11002.50,14362.00,10713.00,12586.00,12729.50,0.00,0.00,0.00,0.00,0.00,0.00,0.00,0.00,0.00,0.00,0.00,0.00
26/01/2026,2,10576.80,11458.80,10652.00,9828.80,9990.30,9494.80,10965.70,10998.30,14357.50,10709.00,12583.00,12726.80,189.09,174.54,187.76,203.48,200.19,210.64,182.39,181.85,139.30,186.76,158.94,157.15
27/01/2026,2,10573.00,11454.00,10651.00,9826.00,9989.00,9480.00,10958.00,10994.00,14353.00,10705.00,12580.00,12724.00,189.16,174.61,187.78,203.54,200.22,210.97,182.52,181.92,139.34,186.83,158.98,157.18
28/01/2026,2,10564.50,11446.50,10645.00,9820.00,9988.00,9436.00,10948.00,10983.50,14342.00,10699.50,12575.50,12719.00,189.31,174.73,187.88,203.67,200.24,211.95,182.68,182.09,139.45,186.92,159.04,157.25
29/01/2026,2,10556.00,11439.00,10639.00,9814.00,9987.00,9392.00,10938.00,10973.00,14331.00,10694.00,12571.00,12714.00,189.47,174.84,187.99,203.79,200.26,212.95,182.85,182.27,139.56,187.02,159.10,157.31
30/01/2026,2,10543.00,11423.30,10622.50,9810.50,9974.80,9345.00,10929.70,10958.80,14319.80,10688.00,12565.20,12706.30,189.70,175.08,188.28,203.86,200.51,214.02,182.99,182.50,139.67,187.13,159.17,157.40
31/01/2026,2,10530.00,11407.50,10606.00,9807.00,9962.50,9298.00,10921.50,10944.50,14308.50,10682.00,12559.50,12698.50,189.93,175.32,188.57,203.94,200.75,215.10,183.13,182.74,139.78,187.23,159.24,157.50
1/02/2026,,10517.00,11391.80,10589.50,9803.50,9950.30,9251.00,10913.20,10930.30,14297.30,10676.00,12553.70,12690.80,0.00,0.00,0.00,0.00,0.00,0.00,0.00,0.00,0.00,0.00,0.00,0.00
2/02/2026,2,10504.00,11376.00,10573.00,9800.00,9938.00,9204.00,10905.00,10916.00,14286.00,10670.00,12548.00,12683.00,190.40,175.81,189.16,204.08,201.25,217.30,183.40,183.22,140.00,187.44,159.39,157.69
3/02/2026,2,10485.30,11346.70,10546.00,9781.30,9907.00,9196.00,10896.00,10910.00,14269.00,10656.00,12535.00,12674.30,190.74,176.26,189.65,204.47,201.88,217.49,183.55,183.32,140.16,187.69,159.55,157.80
4/02/2026,2,10466.70,11317.30,10519.00,9762.70,9876.00,9188.00,10887.00,10904.00,14252.00,10642.00,12522.00,12665.70,191.08,176.72,190.13,204.86,202.51,217.68,183.71,183.42,140.33,187.93,159.72,157.91
5/02/2026,2,10448.00,11288.00,10492.00,9744.00,9845.00,9180.00,10878.00,10898.00,14235.00,10628.00,12509.00,12657.00,191.42,177.18,190.62,205.25,203.15,217.86,183.86,183.52,140.50,188.18,159.88,158.02
6/02/2026,2,10429.00,11266.00,10470.00,9727.00,9808.00,9127.00,10869.00,10871.00,14219.00,10625.00,12497.00,12649.00,191.77,177.53,191.02,205.61,203.92,219.13,184.01,183.98,140.66,188.24,160.04,158.12
7/02/2026,2,10388.00,11239.30,10430.70,9685.30,9751.00,9054.30,10843.00,10803.30,14195.70,10612.00,12459.70,12645.00,192.53,177.95,191.74,206.50,205.11,220.89,184.45,185.13,140.89,188.47,160.52,158.17
8/02/2026,,10347.00,11212.70,10391.30,9643.70,9694.00,8981.70,10817.00,10735.70,14172.30,10599.00,12422.30,12641.00,0.00,0.00,0.00,0.00,0.00,0.00,0.00,0.00,0.00,0.00,0.00,0.00
9/02/2026,2,10306.00,11186.00,10352.00,9602.00,9637.00,8909.00,10791.00,10668.00,14149.00,10586.00,12385.00,12637.00,194.06,178.79,193.20,208.29,207.53,224.49,185.34,187.48,141.35,188.93,161.49,158.27
10/02/2026,2,10066.00,10988.00,10206.00,9460.50,9472.50,8719.50,10702.00,10509.00,14080.50,10570.00,12292.00,12586.50,198.69,182.02,195.96,211.41,211.14,229.37,186.88,190.31,142.04,189.21,162.71,158.90
11/02/2026,2,9826.00,10790.00,10060.00,9319.00,9308.00,8530.00,10613.00,10350.00,14012.00,10554.00,12199.00,12536.00,203.54,185.36,198.81,214.62,214.87,234.47,188.45,193.24,142.73,189.50,163.95,159.54
12/02/2026,2,9705.00,10704.00,9966.50,9195.50,9187.00,8442.50,10542.50,10248.50,13920.00,10519.50,12119.50,12515.50,206.08,186.85,200.67,217.50,217.70,236.90,189.71,195.15,143.68,190.12,165.02,159.80
13/02/2026,2,9584.00,10618.00,9873.00,9072.00,9066.00,8355.00,10472.00,10147.00,13828.00,10485.00,12040.00,12495.00,208.68,188.36,202.57,220.46,220.60,239.38,190.99,197.10,144.63,190.75,166.11,160.06
14/02/2026,2,9449.30,10541.00,9789.00,9002.30,8955.70,8308.00,10419.70,10057.00,13727.00,10458.70,11959.00,12463.30,211.66,189.74,204.31,222.17,223.32,240.73,191.94,198.87,145.70,191.23,167.24,160.47
15/02/2026,,9314.70,10464.00,9705.00,8932.70,8845.30,8261.00,10367.30,9967.00,13626.00,10432.30,11878.00,12431.70,0.00,0.00,0.00,0.00,0.00,0.00,0.00,0.00,0.00,0.00,0.00,0.00
16/02/2026,2,9180.00,10387.00,9621.00,8863.00,8735.00,8214.00,10315.00,9877.00,13525.00,10406.00,11797.00,12400.00,217.86,192.55,207.88,225.66,228.96,243.49,193.89,202.49,147.87,192.20,169.53,161.29
17/02/2026,2,9110.50,10333.00,9565.00,8776.50,8647.00,8135.00,10257.00,9761.50,13437.00,10375.00,11748.00,12383.50,219.53,193.55,209.10,227.88,231.29,245.85,194.99,204.89,148.84,192.77,170.24,161.51
18/02/2026,2,9041.00,10279.00,9509.00,8690.00,8559.00,8056.00,10199.00,9646.00,13349.00,10344.00,11699.00,12367.00,221.21,194.57,210.33,230.15,233.67,248.26,196.10,207.34,149.82,193.35,170.95,161.72
19/02/2026,2,8901.00,10221.00,9401.00,8605.50,8464.00,7999.50,10135.00,9554.00,13229.50,10305.50,11608.50,12334.50,224.69,195.68,212.74,232.41,236.29,250.02,197.34,209.34,151.18,194.07,172.29,162.15
20/02/2026,2,8761.00,10163.00,9293.00,8521.00,8369.00,7943.00,10071.00,9462.00,13110.00,10267.00,11518.00,12302.00,228.28,196.79,215.22,234.71,238.98,251.79,198.59,211.37,152.56,194.80,173.64,162.58
21/02/2026,2,8656.30,10106.00,9215.30,8433.00,8267.30,7889.70,9988.70,9379.70,12984.00,10235.30,11419.00,12271.00,231.05,197.90,217.03,237.16,241.92,253.50,200.23,213.23,154.04,195.40,175.15,162.99
22/02/2026,,8551.70,10049.00,9137.70,8345.00,8165.70,7836.30,9906.30,9297.30,12858.00,10203.70,11320.00,12240.00,0.00,0.00,0.00,0.00,0.00,0.00,0.00,0.00,0.00,0.00,0.00,0.00
23/02/2026,2,8447.00,9992.00,9060.00,8257.00,8064.00,7783.00,9824.00,9215.00,12732.00,10172.00,11221.00,12209.00,236.77,200.16,220.75,242.22,248.02,256.97,203.58,217.04,157.08,196.62,178.24,163.81
24/02/2026,2,8378.50,9937.50,8986.50,8198.50,7987.50,7736.50,9753.50,9147.50,12656.00,10138.00,11150.50,12163.50,238.71,201.26,222.56,243.95,250.39,258.51,205.05,218.64,158.03,197.28,179.36,164.43
25/02/2026,2,8310.00,9883.00,8913.00,8140.00,7911.00,7690.00,9683.00,9080.00,12580.00,10104.00,11080.00,12118.00,240.67,202.37,224.39,245.70,252.81,260.08,206.55,220.26,158.98,197.94,180.51,165.04
26/02/2026,2,8224.00,9844.00,8845.00,8085.50,7882.00,7630.00,9625.00,9034.50,12484.50,10080.50,11018.00,12084.00,243.19,203.17,226.12,247.36,253.74,262.12,207.79,221.37,160.20,198.40,181.52,165.51
27/02/2026,2,8138.00,9805.00,8777.00,8031.00,7853.00,7570.00,9567.00,8989.00,12389.00,10057.00,10956.00,12050.00,245.76,203.98,227.87,249.03,254.68,264.20,209.05,222.49,161.43,198.87,182.55,165.98
28/02/2026,2,8057.70,9753.70,8718.70,7989.30,7805.30,7548.00,9501.00,8943.70,12320.30,10035.00,10902.70,12017.30,248.21,205.05,229.39,250.33,256.24,264.97,210.50,223.62,162.33,199.30,183.44,166.43
1/03/2026,,7977.30,9702.30,8660.30,7947.70,7757.70,7526.00,9435.00,8898.30,12251.70,10013.00,10849.30,11984.70,0.00,0.00,0.00,0.00,0.00,0.00,0.00,0.00,0.00,0.00,0.00,0.00
2/03/2026,2,7897.00,9651.00,8602.00,7906.00,7710.00,7504.00,9369.00,8853.00,12183.00,9991.00,10796.00,11952.00,253.26,207.23,232.50,252.97,259.40,266.52,213.47,225.91,164.16,200.18,185.25,167.34
3/03/2026,2,7843.50,9611.00,8562.00,7885.50,7677.00,7487.00,9338.00,8823.00,12123.00,9965.50,10753.50,11935.50,254.99,208.09,233.59,253.63,260.52,267.13,214.18,226.68,164.98,200.69,185.99,167.57
4/03/2026,2,7790.00,9571.00,8522.00,7865.00,7644.00,7470.00,9307.00,8793.00,12063.00,9940.00,10711.00,11919.00,256.74,208.96,234.69,254.29,261.64,267.74,214.89,227.45,165.80,201.21,186.72,167.80
5/03/2026,2,7741.50,9545.50,8466.00,7836.00,7607.50,7456.00,9273.00,8761.00,12014.50,9924.00,10676.50,11898.50,258.35,209.52,236.24,255.23,262.90,268.24,215.68,228.28,166.47,201.53,187.33,168.09
6/03/2026,2,7693.00,9520.00,8410.00,7807.00,7571.00,7442.00,9239.00,8729.00,11966.00,9908.00,10642.00,11878.00,259.98,210.08,237.81,256.18,264.17,268.74,216.47,229.12,167.14,201.86,187.93,168.38
7/03/2026,2,7641.50,9486.80,8382.00,7794.30,7542.00,7432.00,9211.20,8705.30,11913.00,9892.80,10616.80,11855.50,261.73,210.82,238.61,256.60,265.18,269.11,217.13,229.75,167.88,202.17,188.38,168.70
8/03/2026,,7590.00,9453.50,8354.00,7781.50,7513.00,7422.00,9183.50,8681.50,11860.00,9877.50,10591.50,11833.00,0.00,0.00,0.00,0.00,0.00,0.00,0.00,0.00,0.00,0.00,0.00,0.00
9/03/2026,2,7538.50,9420.30,8326.00,7768.80,7484.00,7412.00,9155.70,8657.80,11807.00,9862.20,10566.20,11810.50,265.30,212.31,240.21,257.44,267.24,269.83,218.44,231.01,169.39,202.79,189.28,169.34
10/03/2026,2,7487.00,9387.00,8298.00,7756.00,7455.00,7402.00,9128.00,8634.00,11754.00,9847.00,10541.00,11788.00,267.13,213.06,241.02,257.86,268.28,270.20,219.11,231.64,170.15,203.11,189.74,169.66
11/03/2026,2,7460.70,9368.30,8264.30,7745.70,7434.70,7394.30,9098.70,8621.30,11697.00,9833.30,10514.70,11771.00,268.07,213.49,242.00,258.21,269.01,270.48,219.81,231.98,170.98,203.39,190.21,169.91
12/03/2026,2,7434.30,9349.70,8230.70,7735.30,7414.30,7386.70,9069.30,8608.70,11640.00,9819.70,10488.30,11754.00,269.02,213.91,242.99,258.55,269.75,270.76,220.52,232.32,171.82,203.67,190.69,170.15
13/03/2026,2,7408.00,9331.00,8197.00,7725.00,7394.00,7379.00,9040.00,8596.00,11583.00,9806.00,10462.00,11737.00,269.98,214.34,243.99,258.90,270.49,271.04,221.24,232.67,172.67,203.96,191.17,170.40
14/03/2026,2,7370.70,9307.30,8169.00,7706.30,7381.30,7370.70,9022.00,8579.00,11546.30,9796.70,10443.30,11726.00,271.34,214.89,244.83,259.53,270.95,271.34,221.68,233.13,173.22,204.15,191.51,170.56
15/03/2026,,7333.30,9283.70,8141.00,7687.70,7368.70,7362.30,9004.00,8562.00,11509.70,9787.30,10424.70,11715.00,0.00,0.00,0.00,0.00,0.00,0.00,0.00,0.00,0.00,0.00,0.00,0.00
16/03/2026,2,7296.00,9260.00,8113.00,7669.00,7356.00,7354.00,8986.00,8545.00,11473.00,9778.00,10406.00,11704.00,274.12,215.98,246.52,260.79,271.89,271.96,222.57,234.06,174.32,204.54,192.20,170.88
17/03/2026,2,7266.50,9239.50,8094.00,7660.50,7341.00,7349.50,8969.50,8533.50,11426.50,9766.00,10379.50,11687.50,275.24,216.46,247.10,261.08,272.44,272.13,222.98,234.37,175.03,204.79,192.69,171.12
18/03/2026,2,7237.00,9219.00,8075.00,7652.00,7326.00,7345.00,8953.00,8522.00,11380.00,9754.00,10353.00,11671.00,276.36,216.94,247.68,261.37,273.00,272.29,223.39,234.69,175.75,205.04,193.18,171.36
19/03/2026,2,7213.50,9205.00,8059.00,7644.00,7320.50,7339.00,8936.00,8511.00,11359.00,9745.00,10335.00,11659.50,277.26,217.27,248.17,261.64,273.21,272.52,223.81,234.99,176.07,205.23,193.52,171.53
20/03/2026,2,7190.00,9191.00,8043.00,7636.00,7315.00,7333.00,8919.00,8500.00,11338.00,9736.00,10317.00,11648.00,278.16,217.60,248.66,261.92,273.41,272.74,224.24,235.29,176.40,205.42,193.85,171.70
,,,,,,,,,,,,,,,,,,,,,,,,,
,,,,,,,,,,,,,,,,,,,,,,,,,
,,,,,,,,,,,,,,,,,,,,,,,,,
,,,,,,,,,,,,,,,,,,,,,,,,,
